{
    "$schema": "https://json-schema.org/draft-07/schema#",
    "required": [
        "global",
        "containerRegistry",
        "environments",
        "vaultSecrets"
    ],
    "properties": {
        "global": {
            "type": "object",
            "required": [
                "serviceGitOrg",
                "serviceGitRepo",
                "deployGitOrg",
                "deployGitRepo"
            ],
            "properties": {
                "serviceGitOrg": {
                    "type": "string"
                },
                "serviceGitRepo": {
                    "type": "string"
                },
                "deployGitOrg": {
                    "type": "string"
                },
                "deployGitRepo": {
                    "type": "string"
                }
            }
        },
        "serviceMainGitBranchName": {
            "type": "string"
        },
        "containerRegistry": {
            "type": "string"
        },
        "dockerfileWorkingdirPath": {
            "type": "string"
        },
        "imagePushSecret": {
            "type": "string"
        },
        "enableCIPipeline": {
            "type": "boolean",
            "enum": [
                true,
                false
            ]
        },
        "vaultSecrets": {
            "type": "object",
            "required": [
                "corpArtifactory",
                "cloudArtifactory",
                "github",
                "artifactStorage",
                "slack"
            ],
            "properties": {
                "corpArtifactory": {
                    "type": "string"
                },
                "cloudArtifactory": {
                    "type": "string"
                },
                "github": {
                    "type": "string"
                },
                "artifactStorage": {
                    "type": "object",
                    "oneOf": [
                        {
                            "required": [
                                "s3"
                            ],
                            "type": "object",
                            "properties": {
                                "s3": {
                                    "type": "string"
                                }
                            }
                        },
                        {
                            "required": [
                                "genericArtifactory"
                            ],
                            "type": "object",
                            "properties": {
                                "genericArtifactory": {
                                    "type": "string"
                                }
                            }
                        }
                    ]
                },
                "slack": {
                    "type": "string"
                },
                "skmsApiUser": {
                    "type": "string"
                }
            }
        },
        "skms": {
            "type": "object",
            "properties": {
                "enabled": {
                    "type": "boolean"
                },
                "changeModelID": {
                    "type": "string"
                },
                "duration": {
                    "type": "integer"
                }
            },
            "anyOf": [
                {
                    "properties": {
                        "enabled": {
                            "const": true
                        }
                    },
                    "required": [
                        "changeModelID"
                    ]
                },
                {
                    "properties": {
                        "enabled": {
                            "const": false
                        }
                    }
                }
            ]
        },
        "environments": {
            "type": "array",
            "items": {
                "required": [
                    "name",
                    "regions"
                ],
                "properties": {
                    "name": {
                        "type": "string"
                    },
                    "regions": {
                        "type": "array",
                        "items": {
                            "required": [
                                "name",
                                "destClusterName",
                                "chartPath"
                            ],
                            "properties": {
                                "name": {
                                    "type": "string"
                                },
                                "destClusterName": {
                                    "type": "string"
                                },
                                "chartPath": {
                                    "type": "string"
                                }
                            }
                        }
                    },
                    "skms": {
                        "type": "object",
                        "properties": {
                            "insertPreFlight": {
                                "type": "boolean"
                            },
                            "insertPostFlight": {
                                "type": "boolean"
                            }
                        }
                    }
                }
            }
        }
    }
}
