{
  "version" : 1,
  "actionId" : "caas-next-deploy-repo",
  "userInputs" : {
    "gitorgname" : "ethos-orca",
    "gitreponame" : "python-app5",
    "gitbranchname" : "master",
    "deployorgname" : "ethos-orca",
    "deployreponame" : "python-app5-deploy",
    "section-ownership-details" : "Enter your service Ownership and CostCenter details",
    "ownername" : "EthosFlex",
    "skmsserviceid" : "2300",
    "adobeclass" : "WebServer",
    "archpath" : "sc.worker.test",
    "dataclassification" : "Internal",
    "opexaduscostcenter" : "102670",
    "cogsaduscostcenter" : "102670",
    "cogsadircostcenter" : "102670",
    "artifactory-details" : "Provide Artifactory Registry details for your service",
    "artifactory-link" : "docker-stayal-ethos-caas-next-release.dr-uw2.adobeitc.com",
    "generic-artifactory-name" : "docker-stayal-ethos-caas-next-release.dr-uw2",
    "generic-user" : "flextest",
    "section-vault-paths" : "Configure the Vault paths for your secrets",
    "vault-path-corp-artifactory-docker" : "orca_test/flex/corp_artifactory",
    "vault-path-cloud-artifactory-docker" : "orca_test/flex/cloud_artifactory",
    "vault-path-github-credentials" : "orca_test/flex/github",
    "vault-path-cloud-artifactory-generic" : "orca_test/flex/cloud_artifactory",
    "vault-path-slack" : "orca_test/flex/slack",
    "hubClusterType" : "prod",
    "section-git-details" : "Configure the LDAP Groups used for access control",
    "read-team-name" : "org-stayal-all",
    "write-team-name" : "org-stayal-all",
    "section-region-environment" : "Specify the Environment and Region values for your service",
    "senseiclusterwarning" : "Only authorized users are allowed to onboard to the Sensei Clusters. Provisioning will fail if you don't have access to them.",
    "clustertype_repeatSection" : [ {
      "clustertype" : "STAGE",
      "environment" : "Dev",
      "region" : "va6",
      "healthcheck" : "/ping",
      "inetport" : "8080",
      "containercpu" : "1",
      "containermemory" : "2048",
      "cluster-name" : "ethos11-stage-va6"
    } ]
  }
}