{
  "version": 1,
  "actionId": "caas-next",
  "userInputs": {
    "artifactory-details": "Provide Artifactory Registry details for your service",
    "artifactory-link": "docker-ethos-caas-next-release.dr-uw2.adobeitc.com",
    "generic-artifactory-name": "docker-ethos-caas-next-release",
    "generic-user": "flextest",
    "section-vault-paths": "Configure the Vault paths for your secrets",
    "vault-path-corp-artifactory-docker": "cloudtech_fe_test/test/corp_artifactory_docker_token",
    "vault-path-cloud-artifactory-docker": "cloudtech_fe_test/test/cloud_artifactory_docker_token",
    "vault-path-github-credentials": "cloudtech_fe_test/test/github_token",
    "vault-path-cloud-artifactory-generic": "cloudtech_fe_test/test/corp_artifactory_generic_token",
    "vault-path-slack": "cloudtech_fe_test/test/slack_webhook",
    "section-git-details": "Configure the LDAP Groups used for access control",
    "read-team-name": "GRP-FE-TEST",
    "write-team-name": "GRP-FE-TEST",
    "hubClusterType": "prod",
    "gitorgname": "ethos-orca",
    "gitreponame": "python-app5",
    "gitbranchname": "git default",
    "deployreponame": "python-app5-deploy",
    "section-ownership-details": "Enter your service Ownership and CostCenter details",
    "ownername": "EthosFlex",
    "skmsserviceid": "123",
    "adobeclass": "WebServer",
    "archpath": "sc.worker.test",
    "dataclassification": "Internal",
    "opexaduscostcenter": "102670",
    "cogsaduscostcenter": "102670",
    "cogsadircostcenter": "5454535",
    "clustertype_repeatSection": [
      {
        "clustertype": "DEV",
        "environment": "Dev",
        "region": "va6",
        "healthcheck": "/health",
        "inetport": "5000",
        "containercpu": "1",
        "containermemory": "256",
        "cluster-name": "ethos02-stage-va6"
      }
    ],
    "section-region-environment": "Specify the Environment and Region values for your service",
    "senseiclusterwarning": "Only authorized users are allowed to onboard to the Sensei Clusters. Provisioning will fail if you don't have access to them."
  }
}
